{
	"class_name" : "PinholeCameraParameters",
	"extrinsic" : 
	[
		4.4307086178452579e-315,
		4.4569689183762501e-315,
		1.8650359066252818e-316,
		1.3906688361396091e-309,
		4.9406564584124654e-324,
		1.3906688361404786e-309,
		4.5560520445386388e-317,
		1.3906688361307554e-309,
		1.3906629818842901e-309,
		1.3906631468527499e-309,
		4.3722391502053314e-315,
		1.3906688361313878e-309,
		1.3906631468527499e-309,
		1.3906688361358147e-309,
		1.3906582653165029e-309,
		0.0
	],
	"intrinsic" : 
	{
		"height" : -1,
		"intrinsic_matrix" : [ 1.0, 0.0, 0.0, 0.0, 1.0, 0.0, 0.0, 0.0, 1.0 ],
		"width" : -1
	},
	"version_major" : 1,
	"version_minor" : 0
}