{
	"class_name" : "PinholeCameraParameters",
	"extrinsic" : 
	[
		4.6007899654463253e-315,
		4.627057222421611e-315,
		1.8650359066252818e-316,
		1.3906707294638273e-309,
		4.9406564584124654e-324,
		1.3906707294646968e-309,
		4.5560520445386388e-317,
		1.3906707294549736e-309,
		1.3906611527918469e-309,
		1.3906613177581724e-309,
		4.527907614785918e-315,
		1.390670729455606e-309,
		1.3906613177581724e-309,
		1.3906707294600328e-309,
		1.3906566019016619e-309,
		0.0
	],
	"intrinsic" : 
	{
		"height" : -1,
		"intrinsic_matrix" : [ 1.0, 0.0, 0.0, 0.0, 1.0, 0.0, 0.0, 0.0, 1.0 ],
		"width" : -1
	},
	"version_major" : 1,
	"version_minor" : 0
}